id,first_name,last_name,email,gender,ip_address
1,Bond,Randles,brandles0@yahoo.com,Male,163.180.103.56
2,Alana,Cayley,acayley1@github.com,Agender,41.190.71.146
3,Dud,Abrahim,dabrahim2@unc.edu,Male,111.52.226.159
4,Nomi,Corington,ncorington3@google.it,Genderqueer,239.0.43.209
5,Abbi,Bendson,abendson4@icq.com,Female,71.4.133.250
6,Gardner,People,gpeople5@discuz.net,Genderqueer,207.226.36.101
7,Gunther,Dodsworth,gdodsworth6@wiley.com,Male,34.22.80.38
8,Bernardine,Crossley,bcrossley7@jiathis.com,Genderqueer,119.40.47.127
9,Ruthi,Grayne,rgrayne8@unesco.org,Female,159.197.174.104
10,Elene,Chaundy,echaundy9@hhs.gov,Female,169.13.148.246
11,Yul,De Anesy,ydeanesya@alibaba.com,Male,50.14.176.86
12,Katharine,Joice,kjoiceb@washington.edu,Female,108.162.91.71
13,Guntar,Grigor,ggrigorc@senate.gov,Male,141.18.213.22
14,Hailey,Hugonet,hhugonetd@earthlink.net,Male,64.7.50.166
15,Frankie,Poser,fposere@ask.com,Male,21.132.180.159
16,Georgianna,Curd,gcurdf@domainmarket.com,Female,133.137.183.232
17,Dynah,Cassella,dcassellag@sakura.ne.jp,Female,130.189.108.196
18,Nicolis,Lansley,nlansleyh@purevolume.com,Male,145.164.251.210
19,Mag,Fromant,mfromanti@simplemachines.org,Female,249.22.76.220
20,Brittan,Troup,btroupj@technorati.com,Genderfluid,79.54.151.19
21,Gus,Arblaster,garblasterk@hubpages.com,Male,48.9.87.37
22,Garvey,Faldo,gfaldol@weebly.com,Male,241.132.16.153
23,Jody,Blevin,jblevinm@mysql.com,Male,53.112.16.201
24,Rodd,Sawley,rsawleyn@paginegialle.it,Bigender,235.206.197.41
25,Andy,Ruston,arustono@tripod.com,Male,192.53.140.21
26,Aguistin,Elmhurst,aelmhurstp@naver.com,Male,198.83.95.63
27,Arlina,Job,ajobq@github.com,Female,104.205.10.203
28,Teriann,Dunlap,tdunlapr@irs.gov,Female,248.41.201.151
29,Abra,Vann,avanns@dagondesign.com,Female,4.251.103.15
30,Frants,Gegg,fgeggt@bigcartel.com,Male,150.156.240.26
31,Tam,McDonell,tmcdonellu@japanpost.jp,Male,72.21.138.199
32,Rakel,Kilalea,rkilaleav@forbes.com,Female,76.116.135.105
33,Trace,Mounsey,tmounseyw@creativecommons.org,Male,116.194.186.232
34,Pammy,Weekes,pweekesx@canalblog.com,Female,236.79.201.104
35,Wolfy,Berkley,wberkleyy@timesonline.co.uk,Male,63.31.142.191
36,Auguste,McGorley,amcgorleyz@goo.ne.jp,Female,12.162.77.220
37,Byrle,Millyard,bmillyard10@joomla.org,Male,50.240.147.103
38,Zebadiah,Cornock,zcornock11@netvibes.com,Male,103.18.18.178
39,Lem,Bagehot,lbagehot12@japanpost.jp,Male,88.16.186.241
40,Mureil,Darter,mdarter13@chronoengine.com,Female,27.190.15.101
41,Lexi,Miguel,lmiguel14@ifeng.com,Female,171.214.20.37
42,Weylin,Infantino,winfantino15@etsy.com,Male,246.68.40.92
43,Susann,D'Abbot-Doyle,sdabbotdoyle16@privacy.gov.au,Female,202.124.9.53
44,Katinka,Hebblethwaite,khebblethwaite17@digg.com,Female,6.155.142.70
45,Winston,Haighton,whaighton18@behance.net,Male,148.190.68.217
46,Chrissy,Youell,cyouell19@cbsnews.com,Female,163.161.100.3
47,Emma,Leger,eleger1a@hubpages.com,Female,45.105.89.147
48,Lyssa,Brisset,lbrisset1b@gizmodo.com,Female,189.119.91.23
49,Mischa,Mullaly,mmullaly1c@deliciousdays.com,Polygender,46.208.133.177
50,Kaylyn,Mc Carrick,kmccarrick1d@mozilla.com,Female,203.108.113.101
51,Cobb,Lill,clill1e@sciencedirect.com,Male,243.33.143.163
52,Charyl,Rubenczyk,crubenczyk1f@miitbeian.gov.cn,Female,165.239.57.151
53,Anissa,Baudone,abaudone1g@fc2.com,Female,5.206.56.66
54,Ber,Caldecourt,bcaldecourt1h@senate.gov,Male,248.179.168.106
55,Leodora,Faulkner,lfaulkner1i@mtv.com,Female,99.162.184.26
56,Dane,Leel,dleel1j@ehow.com,Male,26.86.125.104
57,Edmon,Neill,eneill1k@mediafire.com,Male,46.196.3.104
58,Elizabet,Soltan,esoltan1l@tamu.edu,Female,237.140.138.118
59,Cecil,Pinniger,cpinniger1m@so-net.ne.jp,Male,45.70.88.62
60,Sara-ann,Godsil,sgodsil1n@washingtonpost.com,Female,212.221.173.179
61,Sinclair,McKendry,smckendry1o@nymag.com,Male,157.82.153.180
62,Judah,Cohr,jcohr1p@economist.com,Male,213.23.9.174
63,Grata,Clausner,gclausner1q@yahoo.co.jp,Female,158.96.254.55
64,Shani,Togher,stogher1r@cornell.edu,Female,50.203.214.132
65,Barrie,Stuehmeier,bstuehmeier1s@drupal.org,Male,242.26.8.96
66,Christine,Paulot,cpaulot1t@sbwire.com,Female,227.0.99.49
67,Hillary,Broggio,hbroggio1u@imdb.com,Male,165.84.3.142
68,Kendre,Oats,koats1v@google.com.br,Female,113.231.108.0
69,Cally,Kures,ckures1w@cocolog-nifty.com,Female,16.237.148.166
70,Sidonnie,Gyngell,sgyngell1x@flavors.me,Female,182.11.22.18
71,Salvatore,Munford,smunford1y@ihg.com,Male,165.39.69.229
72,Giulio,Baunton,gbaunton1z@mit.edu,Male,112.66.84.129
73,Rodolfo,Fay,rfay20@csmonitor.com,Agender,213.135.225.175
74,Galina,Miles,gmiles21@ustream.tv,Female,255.201.205.239
75,Alisander,Thackeray,athackeray22@nationalgeographic.com,Male,188.149.124.2
76,Ted,Molineux,tmolineux23@washingtonpost.com,Male,124.237.91.231
77,Rene,Hussey,rhussey24@jalbum.net,Male,15.3.123.188
78,Jeanette,Mott,jmott25@paginegialle.it,Female,13.200.73.109
79,Rab,Bannester,rbannester26@apple.com,Male,189.255.253.78
80,Ruben,McAne,rmcane27@umich.edu,Male,240.168.199.240
81,Glyn,Dwelley,gdwelley28@sun.com,Male,8.45.206.173
82,Deny,Colclough,dcolclough29@usa.gov,Agender,193.181.124.227
83,Lazaro,Perdue,lperdue2a@wufoo.com,Male,74.100.172.194
84,Winne,Gelland,wgelland2b@imageshack.us,Female,250.194.155.204
85,Deerdre,Prigg,dprigg2c@rambler.ru,Female,226.124.39.187
86,Mable,Rushbrook,mrushbrook2d@google.com.au,Female,213.173.92.8
87,Teodor,Davidovitch,tdavidovitch2e@pagesperso-orange.fr,Male,47.182.164.215
88,Tadeo,Learmount,tlearmount2f@networksolutions.com,Male,251.233.143.44
89,Emmanuel,Raffles,eraffles2g@barnesandnoble.com,Male,77.106.158.181
90,Joy,Batham,jbatham2h@thetimes.co.uk,Female,3.66.109.21
91,Lorianne,Mailes,lmailes2i@reuters.com,Female,178.251.109.182
92,Conrade,Torvey,ctorvey2j@cornell.edu,Male,240.102.46.136
93,Kane,Petersen,kpetersen2k@dell.com,Male,71.220.138.118
94,Helenelizabeth,Stubbs,hstubbs2l@mtv.com,Female,193.58.206.43
95,Thorndike,Veltman,tveltman2m@java.com,Male,162.126.141.211
96,Antonetta,Warsop,awarsop2n@admin.ch,Female,187.41.188.105
97,Lu,Pottle,lpottle2o@yahoo.com,Female,69.93.139.108
98,Jillene,Leaming,jleaming2p@nps.gov,Female,1.52.33.72
99,Moishe,Merrett,mmerrett2q@reddit.com,Male,109.173.102.42
100,Pinchas,Broadbent,pbroadbent2r@phpbb.com,Male,164.87.121.234
101,Merell,Waddilove,mwaddilove2s@cbsnews.com,Genderfluid,208.100.187.83
102,Rhea,Churly,rchurly2t@yandex.ru,Female,22.91.253.185
103,Edsel,Marjanovic,emarjanovic2u@gov.uk,Male,124.87.210.232
104,Beulah,De Cruce,bdecruce2v@amazon.com,Female,251.249.207.241
105,Kristal,Westphalen,kwestphalen2w@behance.net,Female,216.156.196.235
106,Cristie,Robbeke,crobbeke2x@newsvine.com,Female,89.219.96.54
107,Karen,O'Scully,koscully2y@ihg.com,Female,18.63.12.171
108,Tracey,Neumann,tneumann2z@apache.org,Female,170.5.20.121
109,Darsie,Gurge,dgurge30@baidu.com,Bigender,252.191.249.233
110,Rodge,Adlard,radlard31@timesonline.co.uk,Male,174.13.222.247
111,Berkeley,Derbyshire,bderbyshire32@uiuc.edu,Male,52.168.49.162
112,Betsey,Kener,bkener33@apache.org,Female,171.14.46.23
113,Robena,Gairdner,rgairdner34@seesaa.net,Female,79.253.144.121
114,Orv,Bunclark,obunclark35@yellowbook.com,Genderfluid,14.178.114.231
115,Deanna,Smedmoor,dsmedmoor36@huffingtonpost.com,Female,125.220.244.70
116,Gretta,Cownden,gcownden37@cloudflare.com,Female,151.166.106.37
117,Gale,Catlette,gcatlette38@fda.gov,Male,198.191.2.122
118,Nikkie,Brien,nbrien39@businessinsider.com,Bigender,47.205.228.71
119,Beniamino,Folk,bfolk3a@umn.edu,Male,78.25.77.41
120,Clementius,Bonhill,cbonhill3b@parallels.com,Male,45.186.99.224
121,Thia,Petteford,tpetteford3c@acquirethisname.com,Female,113.92.92.13
122,Hamish,Paradis,hparadis3d@hc360.com,Male,225.146.195.117
123,Mohandis,McFadden,mmcfadden3e@dailymotion.com,Male,68.185.199.70
124,Diane-marie,Blaxley,dblaxley3f@mozilla.org,Female,129.98.135.173
125,Konstantin,Colomb,kcolomb3g@macromedia.com,Male,96.55.231.157
126,Raimundo,Paprotny,rpaprotny3h@friendfeed.com,Agender,137.168.88.131
127,Frank,Scarbarrow,fscarbarrow3i@simplemachines.org,Male,34.191.2.84
128,Maxie,Dafforne,mdafforne3j@constantcontact.com,Female,191.192.36.51
129,Chet,Elderton,celderton3k@about.com,Male,248.52.107.54
130,Jennie,Adams,jadams3l@usa.gov,Female,36.142.244.186
131,Zaneta,Warstall,zwarstall3m@ezinearticles.com,Female,32.145.163.242
132,Angelika,Kee,akee3n@ask.com,Female,61.108.119.241
133,Boyce,Sheridan,bsheridan3o@icio.us,Male,172.173.164.105
134,Deeann,Jeandeau,djeandeau3p@nhs.uk,Female,57.115.234.49
135,Henka,Kopacek,hkopacek3q@simplemachines.org,Female,23.164.164.60
136,Annabela,Jennaway,ajennaway3r@fc2.com,Female,214.19.100.34
137,Warner,Collingwood,wcollingwood3s@seesaa.net,Male,248.67.86.205
138,Genia,Gasquoine,ggasquoine3t@sakura.ne.jp,Female,251.60.199.139
139,Vallie,Rosekilly,vrosekilly3u@lycos.com,Female,153.41.75.242
140,Bettina,Percifer,bpercifer3v@cocolog-nifty.com,Female,210.114.254.118
141,Lorilyn,Kopf,lkopf3w@hao123.com,Female,163.226.239.184
142,Serge,Zahor,szahor3x@google.com.br,Male,147.81.212.210
143,Lanny,Ovanesian,lovanesian3y@blogspot.com,Male,250.217.155.252
144,Lowrance,Crayker,lcrayker3z@nyu.edu,Male,88.156.4.100
145,Lauretta,Bahls,lbahls40@sciencedirect.com,Female,172.156.8.228
146,Dee dee,Pariso,dpariso41@whitehouse.gov,Polygender,22.185.144.184
147,Jaquith,Kettridge,jkettridge42@hubpages.com,Female,88.76.123.189
148,Pattin,Coton,pcoton43@geocities.com,Male,122.22.178.233
149,Witty,Tirrell,wtirrell44@spotify.com,Male,195.78.116.51
150,Virge,Jirick,vjirick45@ning.com,Male,68.213.96.209
151,Benni,Ratnege,bratnege46@wufoo.com,Female,30.27.251.207
152,Petunia,Matuszak,pmatuszak47@google.com.br,Bigender,49.64.30.70
153,Tera,Figin,tfigin48@github.com,Female,210.200.168.166
154,Donaugh,Cranna,dcranna49@smh.com.au,Male,251.204.133.17
155,Levy,Stapele,lstapele4a@joomla.org,Male,246.36.8.41
156,Cami,Stag,cstag4b@ustream.tv,Female,122.246.171.226
157,Ben,Pearcey,bpearcey4c@skype.com,Male,82.74.102.106
158,Ted,Cabane,tcabane4d@is.gd,Female,224.164.236.93
159,Fania,Whitewood,fwhitewood4e@hhs.gov,Female,103.82.39.241
160,Aida,Fricker,africker4f@phoca.cz,Female,19.20.69.219
161,Felicia,Cabrales,fcabrales4g@woothemes.com,Female,44.72.237.76
162,Eustacia,Kellington,ekellington4h@e-recht24.de,Female,234.95.71.30
163,Josephine,de Courcy,jdecourcy4i@wix.com,Female,77.207.154.40
164,Irina,Applin,iapplin4j@paginegialle.it,Female,96.177.13.180
165,Thom,Tatlow,ttatlow4k@house.gov,Male,193.157.31.5
166,Brendin,Giraudy,bgiraudy4l@prweb.com,Polygender,171.28.16.244
167,Kendrick,Streets,kstreets4m@webmd.com,Male,140.70.28.241
168,Bondon,Mouser,bmouser4n@un.org,Agender,219.87.113.114
169,Ellie,Moffatt,emoffatt4o@yellowbook.com,Female,10.21.169.199
170,Julissa,Douthwaite,jdouthwaite4p@msu.edu,Female,216.170.86.95
171,Roley,Kenworth,rkenworth4q@wordpress.org,Male,56.14.134.68
172,Catherine,Medway,cmedway4r@wikispaces.com,Female,224.78.248.112
173,Aimee,Kincade,akincade4s@go.com,Female,145.40.160.21
174,Layla,Morena,lmorena4t@apple.com,Female,99.252.141.13
175,Iggy,Picott,ipicott4u@ibm.com,Male,238.92.133.101
176,Ora,Adair,oadair4v@goo.ne.jp,Female,214.151.164.194
177,Nicol,Hardwell,nhardwell4w@huffingtonpost.com,Female,52.154.160.219
178,Nadeen,Micklewright,nmicklewright4x@thetimes.co.uk,Female,178.237.125.130
179,Maridel,Chasmar,mchasmar4y@ebay.com,Female,126.248.44.82
180,Zollie,Cuttell,zcuttell4z@irs.gov,Male,221.26.186.240
181,Cornie,Gotecliffe,cgotecliffe50@ca.gov,Male,238.117.53.91
182,Troy,Skipworth,tskipworth51@goo.gl,Male,28.134.153.192
183,Allyson,Izkovitch,aizkovitch52@sourceforge.net,Female,50.194.23.206
184,Bekki,Petyt,bpetyt53@goodreads.com,Female,115.232.255.234
185,Alexander,Freke,afreke54@wisc.edu,Male,243.163.5.138
186,Garv,Lowde,glowde55@yahoo.co.jp,Male,88.185.80.23
187,Aurthur,Whittlesey,awhittlesey56@clickbank.net,Male,189.15.125.24
188,Giralda,Sazio,gsazio57@statcounter.com,Female,128.133.249.1
189,Allie,Trickey,atrickey58@fc2.com,Female,140.205.87.190
190,Geraldine,Nutbean,gnutbean59@myspace.com,Female,150.21.100.174
191,Omero,Withringten,owithringten5a@surveymonkey.com,Agender,117.73.55.81
192,Geoffry,Gooms,ggooms5b@addthis.com,Male,156.229.109.65
193,Bryce,Meanwell,bmeanwell5c@artisteer.com,Male,224.251.165.170
194,Danya,Sture,dsture5d@cnet.com,Male,156.97.154.224
195,Tuesday,Jerger,tjerger5e@walmart.com,Female,176.181.114.86
196,Timotheus,Strase,tstrase5f@java.com,Male,242.126.27.175
197,Guglielma,Blyden,gblyden5g@freewebs.com,Polygender,88.182.122.236
198,Neale,Perse,nperse5h@lulu.com,Male,202.125.80.179
199,Seumas,Buckenhill,sbuckenhill5i@washingtonpost.com,Genderqueer,185.41.185.199
200,Kennie,Boothby,kboothby5j@icio.us,Male,7.138.5.58
201,Salomone,Brundrett,sbrundrett5k@china.com.cn,Male,240.208.177.115
202,Crichton,Brailsford,cbrailsford5l@4shared.com,Male,233.229.178.12
203,Rori,Guyan,rguyan5m@engadget.com,Female,59.95.29.143
204,Estella,Eustis,eeustis5n@comsenz.com,Bigender,156.15.212.16
205,Yuma,Roony,yroony5o@sakura.ne.jp,Male,45.156.135.200
206,Job,Testo,jtesto5p@netscape.com,Male,61.96.126.114
207,Maison,Kimber,mkimber5q@arizona.edu,Male,120.191.156.161
208,Lion,Burdess,lburdess5r@yolasite.com,Male,39.199.228.2
209,Siana,McKibben,smckibben5s@amazon.com,Female,201.18.150.194
210,Fanni,Maloney,fmaloney5t@nifty.com,Female,129.15.156.95
211,Roanne,Collyear,rcollyear5u@wordpress.com,Female,121.165.247.25
212,Jasper,Necrews,jnecrews5v@nba.com,Male,109.50.93.125
213,Grier,Bass,gbass5w@dion.ne.jp,Female,198.92.216.84
214,Dru,Danell,ddanell5x@163.com,Agender,63.215.241.151
215,Virginie,Mullord,vmullord5y@addthis.com,Female,30.95.219.141
216,Maris,Claughton,mclaughton5z@wikimedia.org,Female,6.200.160.249
217,Ogden,Shadrack,oshadrack60@ox.ac.uk,Polygender,231.161.225.175
218,Wallie,Lanfere,wlanfere61@behance.net,Male,121.127.67.14
219,Gabby,Grebner,ggrebner62@ed.gov,Male,208.56.74.147
220,Simon,Rudderham,srudderham63@netlog.com,Male,254.239.93.162
221,Daryn,Mulliss,dmulliss64@stanford.edu,Female,192.187.40.39
222,Lorenza,Bingham,lbingham65@jiathis.com,Female,6.28.123.224
223,Barton,Pendock,bpendock66@symantec.com,Male,69.128.244.55
224,Fernanda,Hasley,fhasley67@alibaba.com,Female,127.112.165.165
225,Xenia,Kemme,xkemme68@dedecms.com,Female,146.175.232.135
226,Monica,Wildt,mwildt69@instagram.com,Female,85.64.214.132
227,Trudey,Fache,tfache6a@google.it,Genderfluid,14.208.170.119
228,Phyllys,Draysay,pdraysay6b@printfriendly.com,Female,21.62.112.15
229,Danie,Luttgert,dluttgert6c@aboutads.info,Male,3.4.1.31
230,Cesare,Bedow,cbedow6d@hostgator.com,Male,191.157.139.39
231,Brigid,Lassen,blassen6e@typepad.com,Female,83.31.36.130
232,Druci,Ferencowicz,dferencowicz6f@springer.com,Female,154.233.34.185
233,Ulises,O'Luby,uoluby6g@arstechnica.com,Male,40.86.157.150
234,Georgine,Faunch,gfaunch6h@spiegel.de,Female,127.70.17.82
235,Davie,Mussettini,dmussettini6i@amazonaws.com,Male,243.72.160.56
236,Estel,Bridgens,ebridgens6j@woothemes.com,Female,167.138.116.237
237,Em,Plunkett,eplunkett6k@addtoany.com,Female,235.170.77.230
238,Debbi,Clubley,dclubley6l@sciencedaily.com,Female,160.89.6.107
239,Nicola,Jobling,njobling6m@weebly.com,Female,102.173.72.227
240,Alexina,Nolan,anolan6n@twitpic.com,Female,104.79.211.20
241,Yankee,Imrie,yimrie6o@thetimes.co.uk,Male,160.142.68.137
242,Dermot,Bage,dbage6p@mlb.com,Non-binary,120.25.16.136
243,Dionne,Breckon,dbreckon6q@cbsnews.com,Female,206.5.212.69
244,Carlen,Lamy,clamy6r@tiny.cc,Female,76.85.74.158
245,Chrotoem,Sibille,csibille6s@npr.org,Male,98.145.186.139
246,Willey,Duguid,wduguid6t@walmart.com,Male,206.217.23.229
247,Jaymie,Anstice,janstice6u@studiopress.com,Male,215.150.245.157
248,Gavra,Bulle,gbulle6v@digg.com,Genderqueer,198.189.240.200
249,Chevy,Cuardall,ccuardall6w@geocities.com,Male,5.99.203.165
250,Dylan,Skyrme,dskyrme6x@noaa.gov,Male,167.151.107.0
251,Beltran,Sperling,bsperling6y@facebook.com,Male,58.144.77.227
252,Julianna,Cumpsty,jcumpsty6z@sfgate.com,Female,152.39.75.116
253,Stanton,Boothman,sboothman70@examiner.com,Male,49.6.199.179
254,Jacquie,McCritchie,jmccritchie71@amazon.com,Female,139.190.125.96
255,Agnesse,Rigts,arigts72@adobe.com,Female,163.208.6.133
256,Nonah,Tackley,ntackley73@biglobe.ne.jp,Female,60.29.54.247
257,Toinette,Burton,tburton74@freewebs.com,Female,174.14.16.101
258,Giacopo,Odd,godd75@businesswire.com,Male,131.145.118.1
259,Wiatt,Eakly,weakly76@techcrunch.com,Male,193.116.70.240
260,Phylis,Joye,pjoye77@dedecms.com,Female,121.135.177.72
261,Barny,Keenan,bkeenan78@gizmodo.com,Male,12.226.126.241
262,Trescha,Kless,tkless79@topsy.com,Female,245.47.127.151
263,Chelsae,Alday,calday7a@typepad.com,Female,145.84.58.15
264,Patric,Treamayne,ptreamayne7b@abc.net.au,Male,62.99.185.30
265,Maurits,Bramford,mbramford7c@dropbox.com,Male,91.22.8.86
266,Jayme,Marians,jmarians7d@bloglines.com,Male,98.62.110.231
267,Fredericka,Karppi,fkarppi7e@tuttocitta.it,Female,2.106.39.219
268,Bev,Tash,btash7f@slideshare.net,Male,3.156.155.172
269,Lucie,Smieton,lsmieton7g@alibaba.com,Female,116.6.204.189
270,Devlen,Robjohns,drobjohns7h@ucsd.edu,Male,106.75.182.45
271,Margeaux,Baskeyfield,mbaskeyfield7i@ameblo.jp,Female,80.94.30.120
272,Eolanda,Rainon,erainon7j@zdnet.com,Agender,6.198.210.54
273,Nicko,Schubbert,nschubbert7k@cbsnews.com,Male,133.106.131.129
274,Eberto,Pegg,epegg7l@prnewswire.com,Male,133.215.58.159
275,Therine,Dunlea,tdunlea7m@auda.org.au,Female,157.76.35.111
276,Rebeka,Crocetti,rcrocetti7n@upenn.edu,Female,110.82.179.109
277,Jason,Sinnat,jsinnat7o@webnode.com,Male,176.1.224.150
278,Lane,Breadmore,lbreadmore7p@hubpages.com,Male,57.160.96.120
279,Candra,Labin,clabin7q@163.com,Polygender,127.255.217.194
280,Eli,Allenby,eallenby7r@51.la,Male,27.183.217.112
281,Jocelin,Kesterton,jkesterton7s@tripadvisor.com,Female,220.151.254.32
282,Bronny,Pidon,bpidon7t@wiley.com,Male,40.180.237.151
283,Samson,Earngy,searngy7u@smh.com.au,Genderqueer,191.107.126.139
284,Felix,Aldam,faldam7v@hexun.com,Male,206.138.26.122
285,Cathryn,Giacovazzo,cgiacovazzo7w@aboutads.info,Non-binary,219.82.30.241
286,Whittaker,Pettiward,wpettiward7x@bizjournals.com,Genderqueer,70.115.205.253
287,Felita,Ruscoe,fruscoe7y@ow.ly,Female,9.180.126.135
288,Happy,Zambonini,hzambonini7z@naver.com,Female,23.82.63.252
289,Fanchette,Furmonger,ffurmonger80@columbia.edu,Female,12.19.27.24
290,Hazlett,Widger,hwidger81@npr.org,Male,116.163.255.187
291,Giulio,O'Mahoney,gomahoney82@flavors.me,Male,8.247.207.68
292,Lonny,Swan,lswan83@csmonitor.com,Male,50.186.248.43
293,Hyacinthia,Hubber,hhubber84@mysql.com,Agender,219.246.72.10
294,Gothart,Mouatt,gmouatt85@cdbaby.com,Male,178.1.62.207
295,Falito,Bloys,fbloys86@friendfeed.com,Male,201.193.117.202
296,Hodge,Ogger,hogger87@cocolog-nifty.com,Male,84.180.188.80
297,Zacharia,O'Gormally,zogormally88@free.fr,Agender,226.154.143.227
298,Jillana,Tomlins,jtomlins89@arstechnica.com,Bigender,127.15.124.139
299,Georg,Gerrets,ggerrets8a@smh.com.au,Male,133.108.215.160
300,Nissa,Mourton,nmourton8b@webnode.com,Female,138.237.101.35
301,Annaliese,Nouch,anouch8c@last.fm,Female,13.114.175.0
302,Ainsley,Duffer,aduffer8d@tmall.com,Female,76.197.86.82
303,Marlyn,Netting,mnetting8e@virginia.edu,Female,98.93.172.151
304,Hyman,Povlsen,hpovlsen8f@blinklist.com,Male,76.254.29.119
305,Denice,Cunniam,dcunniam8g@unesco.org,Female,25.205.240.155
306,Darcie,Cubitt,dcubitt8h@google.fr,Female,225.160.153.2
307,Darcie,Itzakovitz,ditzakovitz8i@furl.net,Female,235.209.228.83
308,Matelda,Malecky,mmalecky8j@geocities.com,Female,62.86.75.42
309,Ulick,Simoneau,usimoneau8k@ox.ac.uk,Male,231.64.33.126
310,Rafaellle,Jeger,rjeger8l@princeton.edu,Male,226.59.71.116
311,Rey,Willatts,rwillatts8m@networksolutions.com,Male,185.127.42.219
312,Lacey,Manueli,lmanueli8n@huffingtonpost.com,Female,65.118.210.121
313,Court,Mc Carroll,cmccarroll8o@last.fm,Male,198.23.88.143
314,Rhianon,MacConneely,rmacconneely8p@omniture.com,Female,160.136.135.226
315,Haydon,MacCarroll,hmaccarroll8q@wikia.com,Male,238.138.49.16
316,Gerry,Insoll,ginsoll8r@amazonaws.com,Female,167.240.112.233
317,Elden,Bassom,ebassom8s@qq.com,Male,230.51.39.8
318,Lorianne,Pirouet,lpirouet8t@barnesandnoble.com,Female,167.240.0.212
319,Antone,Imlaw,aimlaw8u@multiply.com,Male,90.188.15.242
320,Atlanta,Rist,arist8v@marriott.com,Female,209.205.248.64
321,Madalyn,Nicholson,mnicholson8w@wsj.com,Female,13.45.241.235
322,Kahlil,Gowman,kgowman8x@webmd.com,Male,230.179.96.118
323,Ailina,Cantera,acantera8y@vinaora.com,Female,141.171.232.138
324,Ailina,Dreinan,adreinan8z@cornell.edu,Female,17.135.111.150
325,Bibbye,Eaden,beaden90@army.mil,Female,146.249.202.69
326,Ralf,Cooper,rcooper91@bloglines.com,Male,227.11.169.13
327,Bridgette,Goodhand,bgoodhand92@globo.com,Agender,14.23.67.44
328,Steve,Shelsher,sshelsher93@mysql.com,Male,215.177.91.1
329,Miner,Mullane,mmullane94@gnu.org,Male,119.136.253.79
330,Stesha,Westman,swestman95@squidoo.com,Female,201.254.143.100
331,Carr,Sitford,csitford96@godaddy.com,Male,145.198.228.185
332,Elton,Pigeram,epigeram97@hostgator.com,Polygender,172.54.229.122
333,Danyelle,Gostridge,dgostridge98@ehow.com,Female,215.3.10.222
334,Geordie,Bridat,gbridat99@mozilla.com,Male,53.16.149.247
335,Marna,Andrasch,mandrasch9a@yahoo.co.jp,Female,174.187.244.27
336,Matthaeus,Trower,mtrower9b@wired.com,Male,179.174.253.8
337,Ferrel,McNeilly,fmcneilly9c@nydailynews.com,Male,184.75.240.242
338,Leonid,Weeden,lweeden9d@nytimes.com,Male,228.110.82.44
339,Zacherie,Pittendreigh,zpittendreigh9e@photobucket.com,Male,237.74.208.44
340,Lin,Curtiss,lcurtiss9f@behance.net,Female,111.158.204.137
341,Leonerd,Knight,lknight9g@google.com.au,Male,202.46.29.241
342,Sutton,Wonter,swonter9h@latimes.com,Male,232.50.189.215
343,Wilden,Ebbins,webbins9i@hatena.ne.jp,Male,105.92.213.44
344,Weber,Cuel,wcuel9j@youku.com,Male,128.166.103.252
345,Eleen,Mulholland,emulholland9k@photobucket.com,Female,250.245.5.198
346,Jammie,Reddecliffe,jreddecliffe9l@e-recht24.de,Female,199.54.169.44
347,Panchito,Stirgess,pstirgess9m@rambler.ru,Male,10.195.122.191
348,Alfredo,Athowe,aathowe9n@dion.ne.jp,Male,169.150.179.236
349,Chaunce,Labone,clabone9o@virginia.edu,Male,32.200.138.118
350,Carrissa,Esgate,cesgate9p@lulu.com,Female,225.84.82.254
351,Pryce,Baskerville,pbaskerville9q@jiathis.com,Male,234.18.48.55
352,Shermie,Butter,sbutter9r@xinhuanet.com,Male,114.158.177.26
353,Blair,Stellin,bstellin9s@nifty.com,Male,80.205.18.175
354,Lance,Ashborne,lashborne9t@vimeo.com,Male,117.180.119.172
355,Asia,Pulteneye,apulteneye9u@yellowpages.com,Female,25.165.216.215
356,Roanna,Muglestone,rmuglestone9v@shutterfly.com,Female,165.186.174.191
357,Ephraim,Hovell,ehovell9w@zimbio.com,Male,218.237.55.144
358,Ritchie,Kingh,rkingh9x@marketwatch.com,Male,238.190.54.109
359,Wheeler,Arents,warents9y@vistaprint.com,Male,95.226.26.75
360,Marty,Marqyes,mmarqyes9z@wsj.com,Male,111.218.128.183
361,Nicki,Smeuin,nsmeuina0@ucoz.com,Bigender,22.100.220.114
362,Clayborne,Fairhall,cfairhalla1@biblegateway.com,Male,43.205.73.181
363,Clive,Illyes,cillyesa2@amazon.co.uk,Bigender,148.196.147.128
364,Lizabeth,Joanaud,ljoanauda3@freewebs.com,Female,199.57.143.248
365,Gabriele,Ramsay,gramsaya4@aol.com,Male,86.1.248.131
366,Tamar,Stocker,tstockera5@ustream.tv,Female,123.88.223.3
367,Meredeth,Kittoe,mkittoea6@ebay.co.uk,Male,10.253.14.38
368,Yehudit,Pashby,ypashbya7@ebay.com,Genderfluid,224.93.137.24
369,Elden,Dodamead,edodameada8@ox.ac.uk,Polygender,179.170.225.53
370,Belle,Twidle,btwidlea9@state.gov,Bigender,161.183.62.177
371,Ursala,Ransom,uransomaa@networksolutions.com,Female,75.42.130.242
372,Berti,Sanbrooke,bsanbrookeab@adobe.com,Male,218.160.58.93
373,Derek,Phalip,dphalipac@taobao.com,Male,84.35.206.148
374,Elysha,Stutte,estuttead@reference.com,Female,187.73.113.46
375,Eugen,Bateup,ebateupae@feedburner.com,Agender,8.102.186.209
376,Rani,Cramp,rcrampaf@paginegialle.it,Female,164.41.143.42
377,Tilda,Limbert,tlimbertag@soundcloud.com,Female,238.135.128.69
378,Randolph,Ashmore,rashmoreah@upenn.edu,Male,197.235.208.109
379,Earvin,Cristea,ecristeaai@sbwire.com,Male,85.110.240.66
380,Buddy,Dole,bdoleaj@ocn.ne.jp,Male,157.135.112.104
381,Linoel,Whalley,lwhalleyak@cyberchimps.com,Male,87.233.2.127
382,Alyss,Kaminski,akaminskial@infoseek.co.jp,Female,198.216.122.25
383,Othella,Boyington,oboyingtonam@biblegateway.com,Non-binary,15.101.174.247
384,Lotty,Bernucci,lbernuccian@un.org,Female,156.129.171.150
385,Meara,Capenor,mcapenorao@prlog.org,Female,97.6.124.111
386,Felisha,Popelay,fpopelayap@earthlink.net,Female,204.94.199.121
387,Lukas,Alvis,lalvisaq@mapy.cz,Male,30.5.145.156
388,Irving,Astman,iastmanar@feedburner.com,Male,103.195.190.171
389,Renelle,Bleier,rbleieras@creativecommons.org,Female,126.63.112.179
390,Ardith,Sweeten,asweetenat@nhs.uk,Female,53.0.193.64
391,Clayborne,Steedman,csteedmanau@example.com,Male,153.115.87.1
392,Marquita,Missington,mmissingtonav@about.com,Female,231.158.236.197
393,Diane-marie,Henrych,dhenrychaw@cyberchimps.com,Female,11.173.6.115
394,Catie,Shearstone,cshearstoneax@nationalgeographic.com,Female,236.182.224.247
395,Emilia,Carolan,ecarolanay@1und1.de,Female,42.190.128.92
396,Lorine,Rosenwasser,lrosenwasseraz@acquirethisname.com,Female,201.218.107.143
397,Vidovik,Hubery,vhuberyb0@bluehost.com,Male,189.148.122.253
398,Celine,Serjeant,cserjeantb1@topsy.com,Female,167.109.15.39
399,Emilia,Hancorn,ehancornb2@mayoclinic.com,Bigender,183.62.49.27
400,Esta,Spottiswood,espottiswoodb3@imgur.com,Female,158.186.72.13
401,Kyle,Gane,kganeb4@pen.io,Female,28.32.124.239
402,Averil,Dallywater,adallywaterb5@jimdo.com,Non-binary,70.74.91.58
403,Zachery,Callway,zcallwayb6@goo.gl,Male,159.100.176.191
404,Conant,Pringer,cpringerb7@samsung.com,Male,19.94.16.43
405,Willi,Falks,wfalksb8@house.gov,Female,232.45.255.148
406,Anderea,O'Shiels,aoshielsb9@amazonaws.com,Female,106.220.228.100
407,Leoline,Streather,lstreatherba@chicagotribune.com,Female,69.34.131.227
408,Kalinda,Pillans,kpillansbb@tuttocitta.it,Female,80.184.62.60
409,Erroll,de la Valette Parisot,edelavaletteparisotbc@utexas.edu,Male,4.154.105.0
410,Dominga,Hooke,dhookebd@walmart.com,Female,50.143.100.126
411,Rowland,Grissett,rgrissettbe@t-online.de,Male,124.252.126.13
412,Thalia,Satterley,tsatterleybf@g.co,Female,124.235.4.165
413,Drew,Veschambes,dveschambesbg@nasa.gov,Male,174.134.63.128
414,Kellby,Marchetti,kmarchettibh@paypal.com,Male,18.13.3.124
415,Drusie,Licquorish,dlicquorishbi@washingtonpost.com,Agender,20.174.246.214
416,Riobard,Lodovichi,rlodovichibj@cbc.ca,Male,79.196.146.87
417,Jenda,Petraitis,jpetraitisbk@howstuffworks.com,Female,165.163.135.203
418,Rob,Mucci,rmuccibl@businesswire.com,Male,89.107.240.12
419,Brigg,Oleszczak,boleszczakbm@wikia.com,Male,63.65.48.178
420,Costanza,Nairn,cnairnbn@deliciousdays.com,Female,5.241.89.76
421,Vale,Walkey,vwalkeybo@amazonaws.com,Male,0.98.56.191
422,Shea,Fley,sfleybp@exblog.jp,Agender,246.87.166.17
423,Hansiain,Gibbard,hgibbardbq@altervista.org,Male,46.245.95.93
424,Lacy,Itzchaky,litzchakybr@elegantthemes.com,Female,55.112.24.88
425,Dagmar,Strephan,dstrephanbs@wikimedia.org,Agender,209.39.191.27
426,Barbie,Novacek,bnovacekbt@epa.gov,Female,99.119.166.118
427,Seward,Boothroyd,sboothroydbu@godaddy.com,Male,238.185.33.58
428,Pepillo,Gillicuddy,pgillicuddybv@seattletimes.com,Male,127.159.47.219
429,Stanislaw,Ickowicz,sickowiczbw@bluehost.com,Male,155.23.226.167
430,Gaspar,Persse,gperssebx@wikia.com,Male,242.227.246.85
431,Mallory,Feavers,mfeaversby@topsy.com,Genderfluid,15.16.82.89
432,Titus,Burdett,tburdettbz@slashdot.org,Male,172.249.219.173
433,Gavin,Ruddin,gruddinc0@telegraph.co.uk,Male,126.43.192.176
434,Eve,Burkman,eburkmanc1@deviantart.com,Female,131.212.11.95
435,Estrella,Wesgate,ewesgatec2@europa.eu,Female,15.45.198.97
436,Nona,Henighan,nhenighanc3@va.gov,Female,34.68.3.142
437,Zane,Medling,zmedlingc4@joomla.org,Male,246.185.71.22
438,Abdul,Mogey,amogeyc5@google.ru,Male,116.79.40.244
439,Shalne,Thurlbourne,sthurlbournec6@mediafire.com,Female,173.161.56.44
440,Constancia,Duplock,cduplockc7@topsy.com,Female,208.203.214.56
441,Myranda,Durrant,mdurrantc8@cdbaby.com,Female,205.170.230.116
442,Terrye,Odby,todbyc9@hao123.com,Female,173.157.66.254
443,Monty,De Filippi,mdefilippica@dyndns.org,Male,249.66.164.13
444,Tabor,Minifie,tminifiecb@so-net.ne.jp,Male,254.159.102.188
445,Chanda,Hancox,chancoxcc@twitpic.com,Female,5.233.93.19
446,Bertine,Gelsthorpe,bgelsthorpecd@cnet.com,Female,5.137.51.3
447,Vere,Dandie,vdandiece@tiny.cc,Female,236.89.114.97
448,Marlowe,Flaunier,mflauniercf@yelp.com,Male,173.98.229.210
449,Bird,Ladloe,bladloecg@constantcontact.com,Bigender,128.44.210.87
450,Maje,Jenno,mjennoch@reddit.com,Male,235.82.40.221
451,Raynor,Orro,rorroci@cam.ac.uk,Male,89.169.181.4
452,Mireielle,Evesque,mevesquecj@typepad.com,Female,100.109.31.160
453,Michele,Bisseker,mbissekerck@t.co,Non-binary,178.57.152.42
454,Renate,Litster,rlitstercl@amazon.com,Polygender,178.204.24.113
455,Tammie,Potkins,tpotkinscm@imgur.com,Female,67.247.16.53
456,Gregg,Learmount,glearmountcn@chron.com,Bigender,211.222.108.30
457,Sigismundo,Emptage,semptageco@wunderground.com,Male,150.235.7.163
458,Elise,Lebang,elebangcp@china.com.cn,Female,201.209.132.133
459,Dominick,Camps,dcampscq@pagesperso-orange.fr,Male,172.9.114.58
460,Joaquin,Crackel,jcrackelcr@youtube.com,Male,15.172.234.219
461,Belinda,Keast,bkeastcs@walmart.com,Female,194.220.59.194
462,Cly,Boughey,cbougheyct@fastcompany.com,Male,10.156.248.141
463,Morry,Stollenhof,mstollenhofcu@dmoz.org,Male,151.79.208.176
464,Gill,Crose,gcrosecv@imgur.com,Male,165.199.218.108
465,Robinet,Waren,rwarencw@dmoz.org,Female,126.91.26.216
466,Vasili,Courtier,vcourtiercx@rambler.ru,Male,111.116.198.33
467,Nessa,Semaine,nsemainecy@livejournal.com,Female,223.112.212.251
468,Ashby,Hawgood,ahawgoodcz@parallels.com,Polygender,83.28.197.14
469,Sebastien,Thorn,sthornd0@fotki.com,Male,109.142.221.116
470,Ninette,Bursnell,nbursnelld1@friendfeed.com,Female,229.238.104.56
471,Ezekiel,Lascell,elascelld2@etsy.com,Male,80.36.38.204
472,Bryn,De La Coste,bdelacosted3@amazonaws.com,Male,90.4.104.198
473,Elvira,Compfort,ecompfortd4@behance.net,Female,201.4.233.149
474,Charlotta,Borham,cborhamd5@infoseek.co.jp,Female,40.225.182.102
475,Eliza,Spurriar,espurriard6@usa.gov,Female,67.76.56.43
476,Ashlie,Sighard,asighardd7@cargocollective.com,Female,61.235.104.190
477,Delphine,Mably,dmablyd8@mapquest.com,Female,107.153.127.48
478,Frederic,Blything,fblythingd9@cnet.com,Male,244.183.83.228
479,Magnum,Caves,mcavesda@imdb.com,Male,1.216.217.41
480,Stern,Telfer,stelferdb@answers.com,Male,218.165.190.156
481,Dania,Glavis,dglavisdc@cnn.com,Female,96.84.3.35
482,Rania,Dallin,rdallindd@bandcamp.com,Female,80.81.28.218
483,Chrissie,Newsome,cnewsomede@blinklist.com,Female,230.229.244.180
484,Dana,Neagle,dneagledf@usnews.com,Female,51.93.140.127
485,Lynne,Driffe,ldriffedg@ebay.com,Female,203.157.67.129
486,Dagny,Adrian,dadriandh@hao123.com,Male,107.142.76.180
487,Leupold,Inkin,linkindi@huffingtonpost.com,Polygender,145.237.139.189
488,Reube,Sterzaker,rsterzakerdj@patch.com,Male,37.178.106.224
489,Elvera,Skells,eskellsdk@163.com,Female,126.208.1.221
490,Candice,Pennuzzi,cpennuzzidl@webeden.co.uk,Bigender,112.98.105.129
491,Ardath,Angrove,aangrovedm@deviantart.com,Genderqueer,171.125.48.183
492,Iona,Twitty,itwittydn@gov.uk,Female,213.53.153.169
493,Maitilde,Darbey,mdarbeydo@weather.com,Female,70.85.208.65
494,Laurella,Mossdale,lmossdaledp@free.fr,Female,168.123.128.35
495,Elsworth,Clack,eclackdq@auda.org.au,Male,155.99.19.141
496,Georgie,Skellen,gskellendr@virginia.edu,Female,216.215.37.135
497,Aline,Babcock,ababcockds@accuweather.com,Female,21.41.254.214
498,Zorina,Worboys,zworboysdt@youtu.be,Bigender,238.22.120.139
499,Lynna,Pimme,lpimmedu@deviantart.com,Female,211.85.152.22
500,Starlin,Jaram,sjaramdv@ow.ly,Female,55.105.224.224
501,Jenny,Martinie,jmartiniedw@merriam-webster.com,Female,56.189.76.92
502,Andrej,Dict,adictdx@mlb.com,Male,50.41.196.76
503,Tremain,Orwin,torwindy@ucoz.ru,Male,216.32.126.20
504,Sib,Elcox,selcoxdz@linkedin.com,Female,21.81.34.192
505,Yule,Drinkhill,ydrinkhille0@cpanel.net,Male,194.168.77.39
506,Ally,Rosendall,arosendalle1@skyrock.com,Female,178.208.83.129
507,Ethelin,Espinel,eespinele2@booking.com,Female,180.148.157.181
508,Gennifer,Shackleton,gshackletone3@dagondesign.com,Female,204.93.25.190
509,Otes,Sneezum,osneezume4@java.com,Male,103.246.215.97
510,Krishnah,Rebbeck,krebbecke5@scientificamerican.com,Male,28.47.79.214
511,Izzy,McGreil,imcgreile6@soup.io,Male,53.142.163.223
512,Alayne,Edmons,aedmonse7@wsj.com,Female,146.242.159.211
513,Merry,Gauchier,mgauchiere8@archive.org,Female,78.235.146.142
514,Stella,Simms,ssimmse9@mayoclinic.com,Female,20.190.71.14
515,Alisun,Petticrew,apetticrewea@dailymotion.com,Female,14.88.76.16
516,Sharline,McLafferty,smclaffertyeb@squidoo.com,Female,43.85.164.51
517,Reinold,Pirrone,rpirroneec@google.pl,Male,196.184.21.89
518,Luis,Danser,ldansered@fc2.com,Male,22.62.63.41
519,Abbie,Sidebottom,asidebottomee@digg.com,Agender,156.149.186.250
520,Ivory,Stewart,istewartef@nasa.gov,Female,132.145.191.255
521,Cassandre,Sawer,csawereg@webnode.com,Bigender,58.199.121.24
522,Delora,Facchini,dfacchinieh@cnet.com,Genderqueer,15.154.128.76
523,Kalina,Walsh,kwalshei@msn.com,Female,225.157.211.146
524,Thea,Orrell,torrellej@oakley.com,Female,100.37.23.148
525,Silva,Cleyburn,scleyburnek@histats.com,Female,218.255.56.61
526,Gillan,Chmiel,gchmielel@jiathis.com,Bigender,158.184.225.25
527,Tatiana,Lesmonde,tlesmondeem@bigcartel.com,Female,192.40.221.214
528,Tate,Ladewig,tladewigen@last.fm,Male,120.231.50.73
529,Matthus,Goodhew,mgoodheweo@themeforest.net,Polygender,94.186.167.241
530,Wini,Cuvley,wcuvleyep@jimdo.com,Genderfluid,112.114.78.96
531,Daisie,Borgars,dborgarseq@woothemes.com,Female,153.182.255.16
532,Suzanna,Le Marchant,slemarchanter@latimes.com,Female,64.189.226.248
533,Berni,Hoofe,bhoofees@discuz.net,Genderfluid,236.241.9.44
534,Demetra,Dunk,ddunket@baidu.com,Female,95.211.48.38
535,Jeramey,Foulcher,jfoulchereu@tiny.cc,Male,170.4.65.127
536,Lianna,Burdikin,lburdikinev@linkedin.com,Female,27.160.28.255
537,Madelaine,McCrostie,mmccrostieew@si.edu,Female,137.99.182.158
538,Riordan,Pavey,rpaveyex@google.co.uk,Male,211.128.185.204
539,Ives,Coldbreath,icoldbreathey@ezinearticles.com,Male,37.130.251.238
540,Rosaline,Minogue,rminogueez@reverbnation.com,Female,132.159.227.172
541,Lorine,Gayden,lgaydenf0@sina.com.cn,Female,50.44.81.211
542,Christoforo,Fyrth,cfyrthf1@simplemachines.org,Male,109.11.212.49
543,Padgett,Stainsby,pstainsbyf2@mediafire.com,Male,66.215.29.134
544,Leshia,Tarbin,ltarbinf3@biblegateway.com,Female,236.174.213.49
545,Rivkah,Cridlin,rcridlinf4@utexas.edu,Female,4.138.159.210
546,Amalle,Mundow,amundowf5@artisteer.com,Female,213.107.88.228
547,Shannon,Gildroy,sgildroyf6@thetimes.co.uk,Genderqueer,199.78.49.75
548,Corilla,Rowaszkiewicz,crowaszkiewiczf7@jigsy.com,Female,45.26.153.132
549,Frances,Simonich,fsimonichf8@cornell.edu,Female,239.181.219.249
550,Cammie,Coen,ccoenf9@bbc.co.uk,Female,48.101.255.252
551,Nola,Blodgett,nblodgettfa@tmall.com,Female,73.236.72.3
552,Catrina,Colman,ccolmanfb@answers.com,Female,128.220.107.29
553,Frederik,Fenty,ffentyfc@blinklist.com,Male,144.182.53.200
554,Gert,Skeels,gskeelsfd@skyrock.com,Genderfluid,136.1.135.115
555,Estrella,Jobern,ejobernfe@house.gov,Female,27.4.183.229
556,Marybeth,Linstead,mlinsteadff@goo.gl,Female,176.170.249.160
557,Gael,Maylard,gmaylardfg@telegraph.co.uk,Male,153.241.55.118
558,Meredith,Aistrop,maistropfh@amazonaws.com,Male,102.36.9.246
559,Imogene,Darcey,idarceyfi@zimbio.com,Female,154.234.180.83
560,Kin,Cod,kcodfj@symantec.com,Male,177.73.3.115
561,Ania,Teresse,ateressefk@slate.com,Female,44.198.246.88
562,Dorolisa,Beany,dbeanyfl@squidoo.com,Female,17.75.133.54
563,Roxanna,Dunnett,rdunnettfm@nsw.gov.au,Female,184.51.189.6
564,Garv,Enser,genserfn@narod.ru,Male,114.47.164.224
565,Kaile,Adie,kadiefo@aol.com,Female,226.5.119.166
566,Reilly,Dorset,rdorsetfp@bloomberg.com,Male,23.102.207.142
567,Kamila,Kittles,kkittlesfq@last.fm,Female,166.137.59.12
568,Sheri,Ierland,sierlandfr@fastcompany.com,Female,186.199.142.164
569,Royce,Anslow,ranslowfs@time.com,Male,193.162.42.94
570,Roman,Fellis,rfellisft@youku.com,Male,198.109.139.234
571,Mortie,Drysdale,mdrysdalefu@moonfruit.com,Male,226.169.178.41
572,Baily,Le Port,bleportfv@oracle.com,Male,13.70.155.65
573,Ealasaid,Flury,efluryfw@homestead.com,Female,223.235.15.201
574,Caesar,L'Episcopi,clepiscopifx@gizmodo.com,Male,235.127.146.30
575,Channa,Dovington,cdovingtonfy@printfriendly.com,Female,34.129.171.187
576,Ly,Holbie,lholbiefz@printfriendly.com,Male,84.182.114.27
577,Prudence,Ealam,pealamg0@techcrunch.com,Polygender,171.93.26.89
578,Franklin,Summersett,fsummersettg1@adobe.com,Male,28.83.167.35
579,Aluin,Iacopini,aiacopinig2@surveymonkey.com,Male,49.61.11.103
580,Samuel,Summerlad,ssummerladg3@cafepress.com,Male,13.125.70.42
581,Valencia,Underhill,vunderhillg4@people.com.cn,Female,9.174.194.75
582,Othello,Faulks,ofaulksg5@umn.edu,Male,101.9.167.199
583,Yuma,Fuzzens,yfuzzensg6@cdc.gov,Male,230.225.113.53
584,Lenora,Peyntue,lpeyntueg7@prweb.com,Female,149.102.88.147
585,Daphna,La Croce,dlacroceg8@mapy.cz,Female,121.176.202.193
586,Corene,Wimpeney,cwimpeneyg9@howstuffworks.com,Female,182.221.134.27
587,Niles,Emilien,nemilienga@mit.edu,Male,212.73.16.60
588,Brant,Kettlestring,bkettlestringgb@xrea.com,Male,3.237.65.65
589,Nelia,Hendrix,nhendrixgc@deviantart.com,Female,204.242.97.154
590,Bertie,Birts,bbirtsgd@utexas.edu,Female,248.252.49.25
591,Cybill,Sawell,csawellge@ftc.gov,Genderfluid,65.79.215.166
592,Elliot,Harcarse,eharcarsegf@example.com,Male,142.184.130.216
593,Rivi,Joscelin,rjoscelingg@barnesandnoble.com,Female,153.193.7.194
594,Donielle,Cabral,dcabralgh@mapquest.com,Female,215.14.109.193
595,Othilia,Izchaki,oizchakigi@discuz.net,Female,49.181.130.209
596,Kissiah,Yielding,kyieldinggj@spiegel.de,Female,246.71.118.72
597,Viva,Hammerson,vhammersongk@scientificamerican.com,Female,186.202.154.49
598,Karisa,Monkley,kmonkleygl@ihg.com,Female,156.249.177.117
599,Alyda,Toxell,atoxellgm@ted.com,Female,68.63.10.28
600,Meggie,Troman,mtromangn@buzzfeed.com,Female,206.131.7.15
601,Nancee,Scrauniage,nscrauniagego@tumblr.com,Female,182.65.97.106
602,Courtney,Harbard,charbardgp@noaa.gov,Female,112.169.238.136
603,Callida,Howles,chowlesgq@irs.gov,Female,170.197.209.133
604,Karrah,Pitkeathley,kpitkeathleygr@jalbum.net,Female,93.212.72.1
605,Alexis,Duignan,aduignangs@51.la,Female,112.81.158.33
606,Carolus,Hulkes,chulkesgt@independent.co.uk,Male,31.27.177.239
607,Georgianna,Horwell,ghorwellgu@sina.com.cn,Female,113.159.181.253
608,Tucker,Kesey,tkeseygv@ed.gov,Male,153.16.103.36
609,Berne,Swannick,bswannickgw@google.co.uk,Male,113.166.219.44
610,Timmy,Stiffkins,tstiffkinsgx@google.de,Male,185.86.110.210
611,Cindie,Le Friec,clefriecgy@desdev.cn,Female,77.189.208.161
612,Kareem,Horley,khorleygz@wikia.com,Male,64.125.4.46
613,Inez,Cesco,icescoh0@jimdo.com,Female,119.16.150.151
614,Abey,Goodred,agoodredh1@whitehouse.gov,Male,75.190.242.48
615,Mendy,Labbati,mlabbatih2@cocolog-nifty.com,Male,109.31.168.121
616,Vernen,Rallin,vrallinh3@usa.gov,Male,236.147.69.16
617,Sharity,Aspinal,saspinalh4@google.de,Female,38.121.164.64
618,Shaina,Lackey,slackeyh5@nba.com,Female,156.11.77.209
619,Willabella,Astin,wastinh6@technorati.com,Female,152.214.79.88
620,Maryjo,Maskell,mmaskellh7@youku.com,Female,130.163.249.83
621,Trev,Gobeau,tgobeauh8@booking.com,Male,119.79.83.250
622,Emelia,Windrum,ewindrumh9@ucoz.ru,Female,32.252.5.136
623,Michaelina,Olding,moldingha@geocities.com,Female,24.90.26.45
624,Corie,Winser,cwinserhb@sakura.ne.jp,Female,111.84.14.19
625,Andie,Rouby,aroubyhc@zimbio.com,Female,156.76.51.21
626,Keelia,Colegate,kcolegatehd@jiathis.com,Female,53.140.47.156
627,Lorrie,Tomowicz,ltomowiczhe@nih.gov,Male,119.150.98.229
628,Alexandr,Andriss,aandrisshf@discovery.com,Male,53.149.7.181
629,Yuma,Eagleton,yeagletonhg@slate.com,Male,218.50.190.74
630,Ashia,Brumby,abrumbyhh@ask.com,Female,213.179.228.42
631,Abdel,Leyshon,aleyshonhi@ifeng.com,Male,128.63.128.105
632,Maudie,Fraczak,mfraczakhj@washington.edu,Female,226.13.37.102
633,Zacharia,Loges,zlogeshk@flavors.me,Male,216.115.247.93
634,Malissa,McNelly,mmcnellyhl@cloudflare.com,Female,58.46.204.197
635,Titos,Heasman,theasmanhm@freewebs.com,Male,126.47.196.183
636,Birk,Rigney,brigneyhn@blog.com,Male,56.123.72.215
637,Bowie,Frusher,bfrusherho@harvard.edu,Male,6.174.105.6
638,Munroe,Figg,mfigghp@tinypic.com,Male,7.118.222.251
639,Pearl,Michelin,pmichelinhq@acquirethisname.com,Female,85.131.156.201
640,Giacobo,Jarrelt,gjarrelthr@bloomberg.com,Male,73.157.226.237
641,Paquito,Reinert,preinerths@opera.com,Bigender,172.141.62.19
642,Conchita,Wegman,cwegmanht@devhub.com,Female,132.170.136.132
643,Georgianne,McLise,gmclisehu@theglobeandmail.com,Female,209.135.148.78
644,Flem,Matteoni,fmatteonihv@imageshack.us,Genderqueer,20.181.202.131
645,Dominique,Robens,drobenshw@bigcartel.com,Male,251.143.156.201
646,Orelie,Aartsen,oaartsenhx@acquirethisname.com,Female,104.129.236.206
647,Andriana,Littlechild,alittlechildhy@weather.com,Female,231.248.124.178
648,Duff,Roullier,droullierhz@ucsd.edu,Male,247.60.49.132
649,Farand,Baythorp,fbaythorpi0@admin.ch,Female,66.207.255.88
650,Lezlie,Gontier,lgontieri1@admin.ch,Polygender,13.169.149.28
651,Ade,Rexworthy,arexworthyi2@addthis.com,Male,173.139.208.241
652,Ethelred,Coate,ecoatei3@dailymotion.com,Male,114.51.69.103
653,Dayle,Mortlock,dmortlocki4@example.com,Polygender,78.139.1.132
654,Wilmette,Alston,walstoni5@vistaprint.com,Female,48.77.41.120
655,Lou,Hairesnape,lhairesnapei6@youku.com,Female,44.200.57.192
656,Yorgo,Marklew,ymarklewi7@smh.com.au,Male,218.209.47.227
657,Sharline,Lodemann,slodemanni8@ning.com,Female,70.132.21.77
658,Malva,Bowld,mbowldi9@ucoz.ru,Female,182.12.135.72
659,Verne,Hovie,vhovieia@last.fm,Genderfluid,4.200.250.205
660,Maynard,Crosscombe,mcrosscombeib@walmart.com,Male,110.152.27.198
661,Lela,McShirie,lmcshirieic@youtu.be,Female,52.143.252.1
662,Nikita,Belfitt,nbelfittid@baidu.com,Male,13.147.85.131
663,Tildie,Astridge,tastridgeie@ted.com,Female,187.84.222.180
664,Budd,Amberg,bambergif@tiny.cc,Genderqueer,105.103.193.63
665,Brigitte,McReath,bmcreathig@comsenz.com,Female,0.1.110.133
666,Zelig,Jephson,zjephsonih@walmart.com,Male,151.115.162.82
667,Donielle,Crocket,dcrocketii@wikispaces.com,Female,154.24.172.185
668,Port,Wessing,pwessingij@samsung.com,Male,172.104.117.100
669,Sarita,Breadon,sbreadonik@nymag.com,Female,122.226.219.229
670,Myra,Hebbron,mhebbronil@forbes.com,Female,183.133.147.194
671,Melisent,Torbard,mtorbardim@eepurl.com,Female,225.15.101.39
672,Jemimah,Karim,jkarimin@discuz.net,Female,204.151.212.152
673,Luce,Gatrell,lgatrellio@hhs.gov,Female,64.39.44.132
674,Bartolomeo,Daykin,bdaykinip@digg.com,Male,212.31.134.26
675,Sara,Molian,smolianiq@sphinn.com,Female,99.84.124.57
676,Beilul,cornhill,bcornhillir@ovh.net,Female,14.119.213.146
677,Elnore,Yapp,eyappis@oracle.com,Female,237.248.194.31
678,Frazer,Rude,frudeit@oakley.com,Male,118.255.106.250
679,Veronica,Terbruggen,vterbruggeniu@cmu.edu,Female,21.67.252.223
680,Montgomery,Cutbush,mcutbushiv@newyorker.com,Male,247.232.244.137
681,August,McVanamy,amcvanamyiw@google.ru,Male,67.180.246.56
682,Hart,Skayman,hskaymanix@163.com,Male,203.39.12.138
683,Jasen,Bygott,jbygottiy@tumblr.com,Male,193.135.232.204
684,Marcel,Ellings,mellingsiz@chicagotribune.com,Male,184.253.200.180
685,Melody,Schiell,mschiellj0@usnews.com,Genderfluid,147.62.245.180
686,Andrea,Glaze,aglazej1@free.fr,Male,217.249.37.166
687,Zia,Linnane,zlinnanej2@sina.com.cn,Female,74.89.45.187
688,Lorin,Wessing,lwessingj3@google.com.hk,Male,222.71.31.124
689,Liuka,Matasov,lmatasovj4@multiply.com,Female,99.1.105.69
690,Marlow,Jaquest,mjaquestj5@ihg.com,Agender,216.63.106.157
691,Brok,Stockwell,bstockwellj6@cdc.gov,Male,131.30.144.44
692,Dorie,Ratley,dratleyj7@java.com,Male,164.106.250.149
693,Ailbert,Ruppertz,aruppertzj8@printfriendly.com,Male,76.110.249.82
694,Booth,Petera,bpeteraj9@time.com,Male,36.13.52.240
695,Cherish,Richichi,crichichija@sohu.com,Female,218.249.155.194
696,Gerti,Obispo,gobispojb@utexas.edu,Female,147.61.20.164
697,Rici,Infante,rinfantejc@ask.com,Female,100.197.240.178
698,Fredia,McAleese,fmcaleesejd@linkedin.com,Female,239.167.71.227
699,Brennan,Wrathmall,bwrathmallje@mozilla.org,Male,16.195.163.203
700,Fee,Sephton,fsephtonjf@nsw.gov.au,Male,100.139.81.240
701,Wainwright,Braddick,wbraddickjg@unicef.org,Male,71.57.37.225
702,Roland,Shipsey,rshipseyjh@qq.com,Male,154.98.18.2
703,Forest,Abramowsky,fabramowskyji@fotki.com,Male,254.111.57.96
704,Yance,Eloy,yeloyjj@instagram.com,Male,187.155.81.64
705,Raddie,Courtes,rcourtesjk@elegantthemes.com,Male,195.91.118.9
706,Osgood,Championnet,ochampionnetjl@cloudflare.com,Male,82.41.239.253
707,Yolane,De Blasi,ydeblasijm@youtube.com,Female,82.139.234.159
708,Alix,Rundall,arundalljn@elegantthemes.com,Polygender,129.175.62.220
709,Maddy,Boutellier,mboutellierjo@census.gov,Male,175.177.8.6
710,Neel,Skewes,nskewesjp@t.co,Male,79.65.2.204
711,Morley,De Francesco,mdefrancescojq@myspace.com,Male,195.195.227.201
712,Livvy,Foucard,lfoucardjr@dyndns.org,Female,255.237.102.190
713,Ariadne,Cowup,acowupjs@scribd.com,Female,73.33.119.175
714,Peter,Fant,pfantjt@devhub.com,Male,237.211.181.141
715,Heddi,Bernot,hbernotju@amazon.de,Female,181.192.104.13
716,Carey,Coveney,ccoveneyjv@plala.or.jp,Male,209.199.170.152
717,Rosalie,Delacote,rdelacotejw@imgur.com,Bigender,190.108.104.161
718,Ashien,Plesing,aplesingjx@edublogs.org,Female,190.176.76.98
719,Sullivan,Hartfleet,shartfleetjy@sun.com,Male,177.33.152.63
720,Nevins,Cozby,ncozbyjz@tinyurl.com,Male,199.74.221.213
721,Diarmid,Molyneaux,dmolyneauxk0@nationalgeographic.com,Non-binary,166.153.129.185
722,Ole,Twiggs,otwiggsk1@tuttocitta.it,Male,87.168.135.88
723,Gae,Roony,groonyk2@cocolog-nifty.com,Polygender,135.191.109.245
724,Alexandr,Di Maria,adimariak3@washingtonpost.com,Male,223.49.36.220
725,Juliann,Mackett,jmackettk4@bandcamp.com,Female,251.77.227.127
726,Kaela,O' Finan,kofinank5@howstuffworks.com,Female,180.79.208.44
727,Nicolette,Rugieri,nrugierik6@nifty.com,Agender,88.149.71.252
728,Archibold,O'Donnell,aodonnellk7@cbsnews.com,Male,31.137.222.99
729,Therine,Moffett,tmoffettk8@webnode.com,Genderfluid,104.89.215.186
730,Noemi,Demetr,ndemetrk9@google.pl,Female,217.86.51.254
731,Carmelia,Halligan,challiganka@miitbeian.gov.cn,Female,82.244.0.250
732,Clareta,Bubbings,cbubbingskb@ftc.gov,Female,230.88.122.44
733,Thurstan,Rowes,troweskc@weather.com,Male,131.111.12.49
734,Cybill,Franceschino,cfranceschinokd@psu.edu,Female,146.138.110.62
735,Octavius,Feldberger,ofeldbergerke@wikimedia.org,Male,9.66.147.30
736,Allan,Hitcham,ahitchamkf@addtoany.com,Male,122.133.72.137
737,Barnie,Prott,bprottkg@printfriendly.com,Male,36.188.26.196
738,Alain,Sharple,asharplekh@wp.com,Male,0.150.131.35
739,Katrina,Blyth,kblythki@weather.com,Female,172.146.90.222
740,Gregoor,Burt,gburtkj@smh.com.au,Male,235.202.143.167
741,Brigitta,Meletti,bmelettikk@theatlantic.com,Female,4.254.242.61
742,Sutherland,Geard,sgeardkl@imdb.com,Male,145.129.61.177
743,Florella,McFetridge,fmcfetridgekm@answers.com,Female,254.235.191.189
744,Wolfy,Danskine,wdanskinekn@ucla.edu,Male,28.99.165.0
745,Mel,Swaden,mswadenko@miitbeian.gov.cn,Female,88.35.103.87
746,Cherey,Guitte,cguittekp@unesco.org,Female,150.51.86.215
747,Simeon,Ayton,saytonkq@globo.com,Male,193.128.224.184
748,Henka,Caunce,hcauncekr@webnode.com,Female,47.142.26.246
749,Pascale,Self,pselfks@about.me,Male,230.68.137.179
750,Cairistiona,Mearing,cmearingkt@51.la,Bigender,103.200.253.155
751,Theda,Doble,tdobleku@artisteer.com,Female,169.211.199.13
752,Jordan,Goulston,jgoulstonkv@army.mil,Female,131.213.240.188
753,Nick,Keggins,nkegginskw@guardian.co.uk,Male,10.213.246.151
754,Ericka,Slocumb,eslocumbkx@bloomberg.com,Female,142.214.132.122
755,Dorri,Reynoldson,dreynoldsonky@whitehouse.gov,Agender,234.145.136.149
756,Donnell,MacElroy,dmacelroykz@cpanel.net,Genderfluid,208.163.204.188
757,Kaylyn,Parkisson,kparkissonl0@paginegialle.it,Female,130.105.251.202
758,Esra,De Luna,edelunal1@ezinearticles.com,Male,141.147.15.57
759,Ingrid,Swinn,iswinnl2@yellowpages.com,Genderqueer,211.38.204.54
760,Saunder,Roels,sroelsl3@vk.com,Male,89.178.13.250
761,Vincents,Constant,vconstantl4@odnoklassniki.ru,Male,129.72.134.33
762,Abra,Emerine,aemerinel5@geocities.com,Female,72.231.56.73
763,Terencio,Minchin,tminchinl6@mac.com,Male,147.13.241.194
764,Giffie,Nibloe,gnibloel7@intel.com,Male,189.181.234.147
765,Law,Sheilds,lsheildsl8@wiley.com,Male,143.97.213.9
766,Heinrik,Moorcraft,hmoorcraftl9@chronoengine.com,Male,226.86.48.137
767,Frankie,Snozzwell,fsnozzwellla@e-recht24.de,Male,61.83.217.171
768,Arnaldo,Hastelow,ahastelowlb@gov.uk,Male,217.151.8.109
769,Benoit,MacCathay,bmaccathaylc@archive.org,Male,142.12.200.182
770,Tersina,Newark,tnewarkld@jalbum.net,Female,154.182.60.250
771,Diann,Mc Gaughey,dmcgaugheyle@google.pl,Female,245.209.176.48
772,Park,Brotherwood,pbrotherwoodlf@wunderground.com,Male,143.223.15.196
773,Demetrius,Androli,dandrolilg@washingtonpost.com,Male,98.70.20.97
774,Emelen,Van der Veldt,evanderveldtlh@nyu.edu,Male,230.58.2.149
775,Jameson,Scutchings,jscutchingsli@flickr.com,Male,210.111.19.62
776,Giselbert,Fominov,gfominovlj@moonfruit.com,Genderqueer,80.120.244.29
777,Helaina,Cahill,hcahilllk@squarespace.com,Female,230.24.165.89
778,Othello,Vivash,ovivashll@geocities.jp,Male,248.245.91.207
779,Harlen,Lewens,hlewenslm@webs.com,Male,252.250.84.63
780,Gui,Yakovliv,gyakovlivln@addthis.com,Female,32.188.5.202
781,Sanford,Chifney,schifneylo@histats.com,Male,199.46.189.205
782,Ingelbert,Olyfat,iolyfatlp@mac.com,Male,119.163.250.104
783,Anson,Riep,arieplq@phpbb.com,Male,186.101.72.125
784,Erich,Putley,eputleylr@list-manage.com,Male,35.194.140.239
785,Halie,Puden,hpudenls@nationalgeographic.com,Female,160.245.139.218
786,Janenna,Grimmer,jgrimmerlt@unicef.org,Female,150.27.174.17
787,Randa,Paulus,rpauluslu@ustream.tv,Female,158.121.96.48
788,Lolly,Ingilson,lingilsonlv@rambler.ru,Female,17.207.185.188
789,Jobi,Cordey,jcordeylw@mtv.com,Non-binary,192.212.31.197
790,Laurent,Letterese,llettereselx@twitter.com,Male,131.239.157.140
791,Rayshell,Paulazzi,rpaulazzily@oracle.com,Female,164.107.140.237
792,Karlyn,Allred,kallredlz@canalblog.com,Female,233.38.101.253
793,Isabelle,Ruggiero,iruggierom0@statcounter.com,Female,121.122.63.34
794,Terrie,Cakes,tcakesm1@apple.com,Female,127.117.189.252
795,Doralia,Lopez,dlopezm2@artisteer.com,Female,36.5.45.183
796,Garvey,Trippick,gtrippickm3@gov.uk,Male,208.129.0.140
797,Wylie,Minger,wmingerm4@merriam-webster.com,Male,135.48.109.36
798,Fredericka,Touhig,ftouhigm5@theatlantic.com,Female,102.141.169.177
799,Huey,Shave,hshavem6@skype.com,Male,255.157.33.200
800,Delaney,Ionn,dionnm7@deliciousdays.com,Male,227.228.199.29
801,Alistair,Houselee,ahouseleem8@spiegel.de,Male,152.208.37.175
802,Mahala,Mirfin,mmirfinm9@huffingtonpost.com,Female,16.60.129.132
803,Marsh,Danit,mdanitma@163.com,Male,218.83.93.212
804,Beniamino,Skilton,bskiltonmb@geocities.jp,Male,132.204.32.187
805,Lind,Goymer,lgoymermc@wsj.com,Male,185.99.19.32
806,Kylie,Hembery,khemberymd@nps.gov,Female,26.241.73.228
807,Genevieve,Grise,ggriseme@tinyurl.com,Female,215.5.61.3
808,Linoel,Clemintoni,lclemintonimf@columbia.edu,Male,33.84.162.254
809,Nat,Cholerton,ncholertonmg@ca.gov,Non-binary,252.127.53.48
810,Lishe,Pavlik,lpavlikmh@guardian.co.uk,Female,112.117.183.249
811,Jessi,Stears,jstearsmi@reverbnation.com,Female,215.234.30.175
812,Sanderson,Found,sfoundmj@networksolutions.com,Male,91.232.193.253
813,Ferdie,Yakunchikov,fyakunchikovmk@blogtalkradio.com,Male,253.214.26.11
814,Lizzy,Sille,lsilleml@scientificamerican.com,Female,124.208.184.201
815,Astrix,Gostick,agostickmm@issuu.com,Genderqueer,249.66.90.241
816,Ursuline,Tordoff,utordoffmn@oaic.gov.au,Female,232.55.215.218
817,Fair,Strodder,fstroddermo@state.gov,Male,17.49.64.149
818,Nathanil,Dagnall,ndagnallmp@yandex.ru,Male,148.139.29.224
819,Teddie,Domelow,tdomelowmq@biglobe.ne.jp,Female,195.139.182.206
820,Euell,Bradd,ebraddmr@google.ca,Male,57.191.108.32
821,Nadeen,Avramovsky,navramovskyms@abc.net.au,Female,41.151.28.153
822,Norene,Faircley,nfaircleymt@elpais.com,Female,168.244.90.227
823,Rik,Vaney,rvaneymu@163.com,Male,68.140.129.138
824,Suzann,Badrock,sbadrockmv@jigsy.com,Female,116.20.253.9
825,Billy,Omar,bomarmw@last.fm,Female,205.89.89.123
826,Paulette,Slade,pslademx@ucoz.com,Female,238.250.255.66
827,Gayler,MacLleese,gmaclleesemy@hud.gov,Male,194.229.121.18
828,Faydra,Sandeland,fsandelandmz@biglobe.ne.jp,Female,155.52.35.84
829,Kori,Davidge,kdavidgen0@ucla.edu,Female,64.89.192.109
830,Kippy,Tucknott,ktucknottn1@squidoo.com,Male,188.13.31.135
831,Kaspar,Ivchenko,kivchenkon2@quantcast.com,Male,124.155.219.31
832,Alica,Smowton,asmowtonn3@elpais.com,Female,104.116.3.118
833,Georg,Foxley,gfoxleyn4@google.fr,Genderqueer,202.101.2.9
834,Linnell,Stedmond,lstedmondn5@huffingtonpost.com,Female,53.199.172.75
835,Ogdon,Thynn,othynnn6@tuttocitta.it,Male,88.219.98.183
836,Rancell,Rekes,rrekesn7@examiner.com,Male,208.102.6.140
837,Emilia,Towey,etoweyn8@reuters.com,Female,183.123.69.119
838,Laurianne,Sames,lsamesn9@ebay.co.uk,Non-binary,132.140.108.172
839,Linus,Kilmaster,lkilmasterna@discuz.net,Male,153.225.43.59
840,Vanny,McKniely,vmcknielynb@i2i.jp,Female,252.177.52.246
841,Bree,Haccleton,bhaccletonnc@studiopress.com,Female,239.227.240.136
842,Nissie,Coupar,ncouparnd@hatena.ne.jp,Female,4.39.184.217
843,Rick,Bastow,rbastowne@twitter.com,Male,40.123.228.214
844,Kordula,Youngman,kyoungmannf@lycos.com,Genderqueer,189.31.19.169
845,Cirillo,Ludewig,cludewigng@usnews.com,Male,26.24.13.6
846,Anselm,Mynett,amynettnh@paypal.com,Male,41.181.97.212
847,Alta,Addekin,aaddekinni@free.fr,Female,185.116.189.111
848,Link,Kopman,lkopmannj@mediafire.com,Male,223.233.203.46
849,Aura,Castillo,acastillonk@springer.com,Female,89.61.112.244
850,Shadow,O'Mannion,somannionnl@51.la,Male,217.42.205.236
851,Carlota,Towne,ctownenm@unblog.fr,Female,187.197.141.250
852,Dollie,Donohoe,ddonohoenn@thetimes.co.uk,Female,108.223.143.152
853,Herby,Julyan,hjulyanno@ucsd.edu,Male,125.251.91.65
854,Frederic,Winship,fwinshipnp@buzzfeed.com,Male,209.164.1.233
855,Ellissa,Harrad,eharradnq@un.org,Female,70.179.3.112
856,Clementius,Blincowe,cblincowenr@hc360.com,Non-binary,182.182.72.19
857,Jude,Oswald,joswaldns@europa.eu,Male,219.27.151.81
858,Derrick,Garwell,dgarwellnt@yolasite.com,Male,196.124.204.207
859,Leeland,Foister,lfoisternu@aol.com,Male,221.59.235.40
860,Catlaina,Ranvoise,cranvoisenv@globo.com,Agender,8.207.85.141
861,Had,Tomasi,htomasinw@privacy.gov.au,Male,173.14.77.151
862,Mallissa,Bleesing,mbleesingnx@ox.ac.uk,Female,63.39.102.185
863,Rubin,Abbatt,rabbattny@cnet.com,Non-binary,48.21.223.97
864,Victoir,Cassley,vcassleynz@tinypic.com,Genderqueer,194.107.20.246
865,Cordie,Manshaw,cmanshawo0@ow.ly,Female,195.244.174.116
866,Kort,Lumbers,klumberso1@cmu.edu,Bigender,165.134.113.210
867,Christoph,Starcks,cstarckso2@pbs.org,Male,4.185.104.161
868,Abbye,Aishford,aaishfordo3@wikimedia.org,Genderfluid,108.32.124.22
869,Fayina,Jenkins,fjenkinso4@t.co,Polygender,130.144.10.228
870,Durant,Ohlsen,dohlseno5@meetup.com,Non-binary,79.197.16.89
871,Fania,Alvis,falviso6@amazon.co.jp,Female,62.173.227.93
872,Nicolas,Abbey,nabbeyo7@chronoengine.com,Male,103.63.97.93
873,Jocelin,Cartmale,jcartmaleo8@tmall.com,Female,214.172.82.66
874,Hurley,Klimkowski,hklimkowskio9@kickstarter.com,Male,122.58.109.166
875,Jeddy,Ballchin,jballchinoa@nifty.com,Male,46.140.170.81
876,Haslett,Edelheit,hedelheitob@comsenz.com,Male,158.115.64.254
877,Daryl,Vowells,dvowellsoc@ebay.com,Female,16.31.79.19
878,Emlen,Greystoke,egreystokeod@theatlantic.com,Male,193.133.139.166
879,Jilleen,Camfield,jcamfieldoe@barnesandnoble.com,Female,45.13.208.228
880,Hewett,Glossop,hglossopof@mail.ru,Male,145.159.248.145
881,Genni,Brychan,gbrychanog@moonfruit.com,Female,32.155.136.23
882,Merrie,Yetman,myetmanoh@stanford.edu,Female,133.181.112.222
883,Dougie,Boddy,dboddyoi@infoseek.co.jp,Male,121.74.69.38
884,Hana,Syvret,hsyvretoj@nationalgeographic.com,Female,215.123.158.110
885,Sherri,Hansman,shansmanok@unesco.org,Female,38.207.202.169
886,Inga,Coatham,icoathamol@mlb.com,Female,108.230.125.194
887,Gabey,Towers,gtowersom@ft.com,Female,25.216.115.241
888,Aindrea,Rainsden,arainsdenon@istockphoto.com,Female,13.101.180.153
889,Kathleen,Brunner,kbrunneroo@washingtonpost.com,Female,201.167.100.123
890,Alexandrina,Rosenfeld,arosenfeldop@about.com,Female,147.175.145.19
891,Gaby,Flintoffe,gflintoffeoq@stumbleupon.com,Female,68.172.86.159
892,Hallie,Kryzhov,hkryzhovor@php.net,Female,229.40.164.59
893,Farr,Sekulla,fsekullaos@nationalgeographic.com,Male,15.240.51.150
894,Geno,Treverton,gtrevertonot@networkadvertising.org,Male,88.39.117.117
895,Salaidh,Tallis,stallisou@bluehost.com,Female,49.11.171.188
896,Jakob,Bahia,jbahiaov@marriott.com,Male,150.166.225.165
897,Lucien,Waumsley,lwaumsleyow@is.gd,Male,58.58.174.58
898,Cathlene,Chislett,cchislettox@chicagotribune.com,Female,50.74.212.249
899,Fredek,Ahlf,fahlfoy@lycos.com,Male,106.191.227.150
900,Pip,Scraney,pscraneyoz@noaa.gov,Male,2.126.147.21
901,Jolene,O'Hannen,johannenp0@mapquest.com,Female,22.94.129.63
902,Tessi,McKeachie,tmckeachiep1@sohu.com,Female,91.234.245.91
903,Winifield,De Ruel,wderuelp2@free.fr,Male,7.192.54.19
904,Sigfrid,Vallentine,svallentinep3@bigcartel.com,Male,5.15.139.59
905,Austin,Dinley,adinleyp4@illinois.edu,Male,221.15.169.171
906,Olenolin,Newling,onewlingp5@yellowpages.com,Male,119.90.147.11
907,Ranee,Manjot,rmanjotp6@yelp.com,Female,194.124.155.129
908,Bev,Veryard,bveryardp7@ebay.com,Female,120.144.54.212
909,Demott,Giraudo,dgiraudop8@google.fr,Male,95.34.221.204
910,Maurita,Pollastrino,mpollastrinop9@fastcompany.com,Female,32.108.62.216
911,Samuele,Balm,sbalmpa@house.gov,Male,57.6.179.18
912,Addia,Verney,averneypb@edublogs.org,Female,62.115.11.68
913,Quinta,Inold,qinoldpc@umn.edu,Female,233.1.56.175
914,Lewes,Crysell,lcrysellpd@businessweek.com,Male,100.40.217.165
915,Crawford,Telford,ctelfordpe@washington.edu,Male,174.133.135.0
916,Lexie,Curuclis,lcuruclispf@ihg.com,Female,126.36.96.23
917,Aubree,Stepto,asteptopg@hc360.com,Female,153.76.237.73
918,Alana,Sidlow,asidlowph@unesco.org,Female,0.27.224.4
919,Maren,Adshad,madshadpi@constantcontact.com,Female,201.213.27.190
920,Tatiana,Brimner,tbrimnerpj@shinystat.com,Female,215.157.137.174
921,Trula,Maddicks,tmaddickspk@com.com,Polygender,39.88.26.48
922,Amata,Larratt,alarrattpl@alexa.com,Female,255.44.79.100
923,Mufi,Lempertz,mlempertzpm@google.de,Female,227.184.1.211
924,Rusty,Mallabone,rmallabonepn@globo.com,Male,30.10.151.166
925,Abeu,Besemer,abesemerpo@bizjournals.com,Male,122.237.188.23
926,Cristina,Ferry,cferrypp@trellian.com,Female,146.148.148.202
927,Rickert,Boyne,rboynepq@deliciousdays.com,Male,10.99.53.102
928,Savina,Toseland,stoselandpr@hud.gov,Genderfluid,126.241.53.241
929,Raimund,Bownas,rbownasps@ihg.com,Male,205.20.94.175
930,Latisha,McGibbon,lmcgibbonpt@cpanel.net,Female,76.118.226.44
931,Patrice,Knowler,pknowlerpu@dion.ne.jp,Male,74.205.200.88
932,Bertina,Baud,bbaudpv@over-blog.com,Female,26.226.47.198
933,Willabella,Fetherston,wfetherstonpw@dion.ne.jp,Female,197.12.105.161
934,Yank,Thing,ythingpx@mozilla.org,Male,201.191.105.7
935,Kiley,Reaper,kreaperpy@howstuffworks.com,Male,164.157.18.26
936,Dot,Verney,dverneypz@ed.gov,Female,93.71.155.189
937,Elwira,Carlucci,ecarlucciq0@flickr.com,Female,121.146.49.8
938,Alix,Slatten,aslattenq1@youtube.com,Female,219.190.197.37
939,Clarence,Tomankowski,ctomankowskiq2@icio.us,Male,129.210.160.78
940,Charin,Core,ccoreq3@gravatar.com,Female,203.28.179.196
941,Kate,Blucher,kblucherq4@businessinsider.com,Female,143.96.21.130
942,Irvin,Bariball,ibariballq5@ameblo.jp,Male,165.12.8.221
943,Vaughan,Venmore,vvenmoreq6@marketwatch.com,Male,152.169.100.40
944,Gracie,Yeomans,gyeomansq7@kickstarter.com,Female,218.84.159.237
945,Giavani,Kann,gkannq8@tmall.com,Male,64.182.119.174
946,Lisle,Mattiussi,lmattiussiq9@jugem.jp,Male,92.168.100.183
947,Raimondo,Jollie,rjollieqa@gmpg.org,Male,172.38.235.214
948,Aguistin,Skeeles,askeelesqb@patch.com,Male,155.185.72.49
949,Gnni,Vidgeon,gvidgeonqc@jigsy.com,Female,49.199.49.246
950,Eb,Camis,ecamisqd@t.co,Male,223.202.3.8
951,Iago,Fauning,ifauningqe@privacy.gov.au,Male,20.224.217.95
952,Clarissa,Goff,cgoffqf@mayoclinic.com,Female,208.64.106.13
953,Inge,Scollick,iscollickqg@mapquest.com,Female,186.29.195.123
954,Madeline,Medendorp,mmedendorpqh@e-recht24.de,Female,235.49.195.126
955,Zacharia,O'Fairy,zofairyqi@dailymotion.com,Male,103.116.22.237
956,Salomo,Terren,sterrenqj@nasa.gov,Male,189.187.233.242
957,Boony,MacMeanma,bmacmeanmaqk@sbwire.com,Male,42.68.60.44
958,Hartwell,Hardstaff,hhardstaffql@about.me,Male,201.249.101.102
959,Gypsy,Houtbie,ghoutbieqm@boston.com,Female,250.124.126.54
960,Charisse,Honig,chonigqn@google.com,Non-binary,40.31.178.209
961,Steffane,Petrak,spetrakqo@ustream.tv,Bigender,107.255.173.253
962,Sargent,Cooper,scooperqp@51.la,Male,7.182.223.205
963,Tybie,Housecraft,thousecraftqq@unicef.org,Bigender,252.74.107.66
964,Benjy,Wedlake,bwedlakeqr@comcast.net,Male,149.200.242.188
965,Currey,Faint,cfaintqs@columbia.edu,Male,221.197.155.242
966,Nial,Macilhench,nmacilhenchqt@amazon.com,Male,29.52.23.222
967,Hettie,Maffulli,hmaffulliqu@imgur.com,Female,7.129.59.68
968,Lacee,McAndie,lmcandieqv@goo.gl,Female,12.206.237.82
969,Fabian,Dady,fdadyqw@japanpost.jp,Male,231.114.24.213
970,Joel,McQueen,jmcqueenqx@quantcast.com,Male,87.151.87.56
971,Odille,Billo,obilloqy@shop-pro.jp,Female,170.65.92.134
972,Zorana,Melloy,zmelloyqz@ucsd.edu,Female,23.4.126.54
973,Jeanine,Pykett,jpykettr0@sogou.com,Female,66.179.230.22
974,Phyllis,Rolstone,prolstoner1@godaddy.com,Female,252.149.219.159
975,Carry,Ditch,cditchr2@berkeley.edu,Female,132.165.22.20
976,Emlynne,Duffer,edufferr3@mit.edu,Female,75.83.203.153
977,Melisenda,Ebrall,mebrallr4@biblegateway.com,Female,169.147.69.141
978,Justus,Solleme,jsollemer5@amazon.com,Male,100.37.122.251
979,Megan,Rolls,mrollsr6@list-manage.com,Female,106.185.92.241
980,Franky,Pye,fpyer7@loc.gov,Female,72.33.251.6
981,Jaimie,Roubeix,jroubeixr8@rakuten.co.jp,Male,76.5.232.243
982,Jeffry,Esposi,jesposir9@cbsnews.com,Genderfluid,144.178.132.242
983,Christoffer,Emanuele,cemanuelera@yellowbook.com,Male,254.128.55.116
984,Carree,Likely,clikelyrb@archive.org,Female,150.48.214.73
985,Kyle,Bruster,kbrusterrc@i2i.jp,Male,43.56.141.20
986,Elysee,Cowper,ecowperrd@mashable.com,Bigender,38.51.17.173
987,Beth,Brosel,bbroselre@webs.com,Female,195.118.60.52
988,Zacharie,Gatecliff,zgatecliffrf@example.com,Male,133.190.251.11
989,Dallis,Northbridge,dnorthbridgerg@nbcnews.com,Male,253.217.9.215
990,Fitzgerald,Hasslocher,fhasslocherrh@alexa.com,Male,124.215.179.178
991,Florencia,Claeskens,fclaeskensri@patch.com,Female,176.237.104.247
992,Ivor,Libbie,ilibbierj@fotki.com,Male,140.58.234.211
993,Dell,Caines,dcainesrk@arstechnica.com,Male,234.87.169.88
994,Rubetta,Gravett,rgravettrl@jugem.jp,Female,138.148.198.129
995,Elga,Trickett,etrickettrm@tinypic.com,Female,222.225.184.128
996,Dane,Probbin,dprobbinrn@dailymotion.com,Male,62.71.213.119
997,Duncan,Alessandrini,dalessandriniro@yahoo.co.jp,Male,72.124.57.210
998,Brenna,Tackley,btackleyrp@mail.ru,Female,158.136.3.77
999,Deck,Ellin,dellinrq@eventbrite.com,Male,239.211.112.165
1000,Tabbie,Dallon,tdallonrr@ihg.com,Male,67.132.79.252